"user_name";"screen_name";"user_location";"user_followers_count";"user_friends_count";"user_listed_count";"user_favorites_count";"user_statuses_count";"place";"retweet_count";"favorite_count";"lang";"timestamp";"text"
"hey";"claudemykan";"n";"91";"173";"0";"550";"716";"False";"0";"0";"tl";"1506178024";"ok ra gyud nako na sigig ka crash ang messenger kaysa ma guba akong camera"
"Melanie Miller";"DrMelanieMiller";"Athens City Schools";"515";"270";"7";"4341";"754";"{'place_type': 'city', 'full_name': 'Athens, TN', 'bounding_box': {'type': 'Polygon', 'coordinates': [[[-84.688591, 35.398719], [-84.688591, 35.492382], [-84.525246, 35.492382], [-84.525246, 35.398719]]]}, 'country': 'United States', 'url': 'https:\\/\\/api.twitter.com\\/1.1\\/geo\\/id\\/35f73f0698fa5f98.json', 'country_code': 'US', 'name': 'Athens', 'attributes': {}, 'id': '35f73f0698fa5f98'}";"0";"0";"en";"1506178025";"Thanks to @UWMcMinnMeigs for all the support for #LetsRead20 and for making the BOOK BUS a reality for our children… https:\/\/t.co\/bR1E4O9TvV"
"Ihzar Adhyatma";"ihzar27";"Indonesia";"85";"127";"0";"2322";"1291";"False";"0";"0";"en";"1506178026";"Crash, Roulette, BlackJack, Dice, Jackpot &amp; Coinflip. That\'s the reason im playing on https:\/\/t.co\/iw9lS10VpY! And check @CSGOWitch!"
"Maelys";"maelysdervenn";"UK";"927";"576";"40";"23599";"46987";"False";"0";"0";"en";"1506178026";"RT @SKZCartoons: And @jeremycorbyn can't square  jobs first Brexit  with current Labour policy to leave Single Market.  Both parties… "
"GRYNDHOUSZ INC©";"GRYNDHOUSZ";"PROMO PRICES,25 Tweets daily,NO fake followers,25 1wk,50 3wks,75 6wks,100 9wks,200 1 year,change tweet every 30 days CLICK LINK BELOW";"32768";"3082";"322";"9785";"534917";"False";"0";"0";"en";"1506178027";"#GRYNDHOUSZsports First fantasy sports stock exchange for EXTRA $, for women not familiar with sports or fantasy https:\/\/t.co\/bMIkz9nYJv *"
"Chelsea Fans America";"ChelseaFansAme";"Stamford Bridge";"2236";"106";"27";"276";"11362";"False";"0";"0";"es";"1506178027";"Final del primer tiempo. Chelsea gana 2 a 0 sobre el Stock City con goles de Morata y Pedro. #CFC #KTBFFH"
"North Mountain Mkt";"HarbourvilleNS";"Kings County, Nova Scotia, CAN";"423";"639";"0";"3";"263";"False";"0";"0";"en";"1506178027";"Great fun in Harbourville. Lots of support for the market. https:\/\/t.co\/ASonFKMAwo"
"Jeammy La Rose";"jeamlawrence";"Pa$ay City, Philippines✈";"302";"534";"1";"1892";"3227";"False";"0";"0";"tl";"1506178029";"pina cancel ko yung flight ko sa Capiz this coming semestral break para lang sa Baguio don sa Night market, basbasan mo sana ako"
"ROCK STOCK MAGAZINE";"RxSxM_official";"IN OSAKA";"1231";"3929";"10";"13";"1271";"False";"0";"0";"ja";"1506178029";"RT @RxSxM_official: 【次回！】 9\/28(木) 堺 Tick Tuck  ​ROVING GRANDPA AIO&amp;U TOKIKO BAYSIDE BLOW ROCK STOCK MAGAZINE  17:30\/18:00 1500\/2000 1d ¥500…"
"TheSauerKraut";"SauerKrautTruck";"Mobile";"936";"368";"35";"537";"1609";"{'place_type': 'city', 'full_name': 'Sienna Plantation, TX', 'bounding_box': {'type': 'Polygon', 'coordinates': [[[-95.546917, 29.473466], [-95.546917, 29.511206], [-95.486207, 29.511206], [-95.486207, 29.473466]]]}, 'country': 'United States', 'url': 'https:\\/\\/api.twitter.com\\/1.1\\/geo\\/id\\/004b5a825b5fa14b.json', 'country_code': 'US', 'name': 'Sienna Plantation', 'attributes': {}, 'id': '004b5a825b5fa14b'}";"0";"0";"en";"1506178029";"Catch us at the Sienna Plantation Farmers Market from 1-5pm!   #geturkrauton #germanfood… https:\/\/t.co\/INcyJsdFJE"
"LiLo";"BlissfulLILO";"Far Rockaway, NY";"133";"251";"0";"2365";"14618";"False";"0";"0";"en";"1506178030";"RT @johnlegend: @chrissyteigen Oh my god. You're in heaven. I woke up to a text saying that he was sorry there were only 24 in stoc… "
"IG : TENSTARKSHOP";"tenstarshop";"JAKARTA";"1469";"207";"5";"462";"18952";"False";"0";"0";"en";"1506178030";"[READY STOCK] EXO'LUXION LIGHTSTICK OFFICIAL 1-Rp 100.000 ✉ 0812.8265.4637  line ID : @FBG3250G https:\/\/t.co\/BOHgbb9UXI"
"Eventerprise.com";"EventerpriseAG";"Global";"13763";"9063";"483";"7657";"18778";"False";"0";"0";"en";"1506178030";"We've now entered the large #US #events #market &amp; welcome any US #investors to #getintouch! https:\/\/t.co\/FnyenBYDr9 https:\/\/t.co\/MyO7vnAqY9"
"may shiva";"mayyshiva";"Grenay ";"112";"88";"0";"393";"5442";"False";"0";"0";"en";"1506178031";"on dirait @Seb_Frit (en stock) https:\/\/t.co\/hA2Nr8KsP7"
"Leeds Chatter";"LeedsChatter";"Leeds, England";"9772";"587";"772";"2";"19158";"False";"0";"0";"en";"1506178032";"RT @TheNickHelm: My show featured @yorkshirewrapco at Leeds Kirkgate Market. These guys are just pretenders to the throne. https:\/\/t.co\/peL…"
"John(y) Van Aerde";"neon8light";"Ladysmith, British Columbia";"282";"173";"11";"1510";"1243";"False";"0";"0";"en";"1506178033";"RIP. Sad he died trying to bring good to and care for people in need. https:\/\/t.co\/i7iv3kWG11"
"Naoaki Matsuo チャリ垢";"MatsuoNaoaki";"東京 府中市";"170";"239";"1";"2952";"1368";"False";"0";"0";"en";"1506178034";"RT @GranFondoGuide: Bad crash at U23 worlds today #Bergen2017 https:\/\/t.co\/Lq61U71eQ3"
"Young disneyprince";"disneykunle";"Lagos, Nigeria";"508";"690";"15";"597";"27653";"False";"0";"0";"en";"1506178035";"RT @BillionTwiTs: Guys if no woman has called u fine\/handsome before, try &amp; go to the market &amp; steal. Ur beauty will come out immedia… "
"AnimeMadeMeTrans☭";"HylainHero";"Earthly Hell (aka Alabama)";"195";"976";"2";"13507";"5762";"False";"0";"0";"en";"1506178037";"@YayAnonymity @Ka_dos @Team_DR3 @skintbroke It's not actually failing due to Venezuela. It's failing due ti Saudi A… https:\/\/t.co\/lQhjLo4WQN"
"Susan Kimmel Wright";"SKimmelWrites";"Pennsylvania, USA";"448";"409";"12";"40146";"1129";"False";"0";"0";"en";"1506178037";"RT @funder: Trump wants Obamacare to fail insurers so they leave the market— Kushner's healthcare company replaces them #AMJoy https:\/\/t.co…"
"Chiaki";"doramaworld";"Singapore";"1258";"244";"19";"146";"7764";"{'place_type': 'admin', 'full_name': 'Central Region, Singapore', 'bounding_box': {'type': 'Polygon', 'coordinates': [[[103.74996, 1.212314], [103.74996, 1.368745], [103.918427, 1.368745], [103.918427, 1.212314]]]}, 'country': 'Singapore', 'url': 'https:\\/\\/api.twitter.com\\/1.1\\/geo\\/id\\/58a4c3a0d54e1400.json', 'country_code': 'SG', 'name': 'Central Region', 'attributes': {}, 'id': '58a4c3a0d54e1400'}";"0";"0";"en";"1506178038";"30-sec trailer of TV Tokyo Summer 2017 drama  Dead Stock ~ Michi e no chousen ~  Ep 11 https:\/\/t.co\/FB9RfZh58D"
"Jesús Gil Velasco";"jesus_gilv";"México";"1504";"947";"143";"1354";"3827";"False";"0";"0";"en";"1506178038";"RT @MSLearning: Win in a changing job market with PowerShell in your inventory. Advance your skills from beginner to expert on MVA:… "
"Renew Earth";"EarthyRenewal";"Horn Lake, MS";"538";"582";"5";"0";"10009";"False";"0";"0";"en";"1506178038";"Global Large Power Transformers Market Archives - Flicks and Bits https:\/\/t.co\/FYuo8CxVYw"
"mari";"peachesdaegu";"#태형 #HER";"3580";"371";"49";"22819";"9402";"False";"0";"0";"en";"1506178040";"RT @introrun: BTS is charting in all the 10 biggest music markets in the world with good spots im proud https:\/\/t.co\/EllRU6unJi"
"Stacy D VanDeveer";"StacyDVanDeveer";"Boston, MA";"2685";"2566";"318";"14266";"61369";"False";"0";"0";"en";"1506178041";"RT @larry_levitt: If Graham-Cassidy fails, there is in theory a bipartisan opportunity to stabilize the market &amp; give states flexibility wi…"
"BRGR Pittsburgh";"BRGRpgh";"Pittsburgh, PA";"8343";"243";"210";"385";"7368";"False";"0";"0";"en";"1506178042";"RT @mtlmagazine: The Artists' Market is today and tomorrow in the Academy parking lot, behind the PNC! We hope to see you there! https:\/\/t.…"
"abul qaish siddiquee";"abulqaish";"St. John's, Newfoundland and Labrador";"867";"220";"66";"10556";"67872";"False";"0";"0";"en";"1506178042";"RT @PDChina: Explosive growth of China's middle class is driving China the world's second largest cruise market… "
"Gabriel Wilson";"noritsunagirota";"Cockburn Town, Turks and Caico";"34";"0";"0";"1";"52581";"False";"0";"0";"en";"1506178043";"Dw Partners LP Holding in Cf Inds Hldgs $CF Has Lowered by $5.94 Million https:\/\/t.co\/bNNkedxFoJ"
"Caroline";"pynn1320";"Kansas, USA";"352";"452";"41";"4784";"1745";"False";"0";"0";"en";"1506178045";"RT @nuunhydration: Time to stock up on your faves, maybe even try a few new flavors! All orders ship free thru 9\/24, no code needed.… "
"simplyTrue Jewellery";"simplyTruesue";"Kent";"609";"555";"23";"2364";"6669";"False";"0";"0";"en";"1506178045";"RT @CCARA_Beckenham: Very busy here already at Beckenham Market on the Green. Come and join us!#marketonthegreen @beckenham_forum… "
"'Nnia";"AfricvnMonvrch";"Valhalla ";"2723";"2360";"83";"39816";"228456";"False";"0";"0";"en";"1506178045";"RT @elnathan_john: Look, if you are going to say fuck, say fuck. F**k is like using meat stock to cook and claiming to be vegan because you…"
"Uptick Capital";"capitaluptick";"Stamford, CT";"304";"137";"329";"0";"223828";"False";"0";"0";"en";"1506178046";"Weekly Fund Wrap: Janet Decides, Market Abides https:\/\/t.co\/P1W1ExWghB #StockMarketInsights"
"The Dude®";"T_h_e_D_u_d_e_";"USA";"211";"255";"1";"30889";"3566";"False";"0";"0";"en";"1506178050";"@storyinpicture 4. With some stock images and a working understanding of #photoshop, you can  prove  anything and a… https:\/\/t.co\/tK3wExT9YH"
"MK";"madhureshsethi";"Hyderabad ";"3897";"4997";"659";"478792";"195112";"False";"0";"0";"en";"1506178050";"RT @funder: Trump wants Obamacare to fail insurers so they leave the market— Kushner's healthcare company replaces them #AMJoy https:\/\/t.co…"
"Stuart Thomson";"Redpolitics";"London";"3888";"4999";"247";"3872";"205456";"False";"0";"0";"en";"1506178050";"HuffPostUKPol: Labour moderates: Corbynites must be allowed to crash the bus before anything will change … https:\/\/t.co\/LiOkFvcWEU"
"Sara M. Harvey";"Saraphina_Marie";"Nashville, TN";"894";"896";"60";"917";"19193";"False";"0";"0";"en";"1506178050";"RT @funder: Trump wants Obamacare to fail insurers so they leave the market— Kushner's healthcare company replaces them #AMJoy https:\/\/t.co…"
"Taco Bandits";"tacobanditsuk";"United Kingdom";"51";"211";"0";"73";"90";"False";"0";"0";"en";"1506178051";"1 hour left for the best tacos this side of the Atlantic at Gloucester Green Market! Get in… https:\/\/t.co\/HKPq09230F"
"Trish Whetzel";"TrishWhetzel";"Palo Alto, CA";"2801";"2797";"332";"11516";"9340";"False";"0";"0";"en";"1506178052";"Facebook drops no-vote stock plan, Zuck will sell share to fund philanthropy  https:\/\/t.co\/Cv3lmLSDt5"
"Carolina Fish & Food";"NCFishMarket";"Charlotte, NC";"1304";"386";"56";"3996";"4224";"{'place_type': 'city', 'full_name': 'Charlotte, NC', 'bounding_box': {'type': 'Polygon', 'coordinates': [[[-81.046876, 35.001706], [-81.046876, 35.416412], [-80.646695, 35.416412], [-80.646695, 35.001706]]]}, 'country': 'United States', 'url': 'https:\\/\\/api.twitter.com\\/1.1\\/geo\\/id\\/512a8a4a4c4b4be0.json', 'country_code': 'US', 'name': 'Charlotte', 'attributes': {}, 'id': '512a8a4a4c4b4be0'}";"0";"0";"en";"1506178053";"Visit a real fish market today! The Carolina Fish Market in Ballantyne. #fishmarket #real #fun… https:\/\/t.co\/gWoF8Hoqni"
"Ian Acob";"IanAcob";"Bulacan, Central Luzon";"62";"99";"0";"157";"196";"False";"0";"0";"tl";"1506178053";"@CruzDanielee_ weird shit ung may ari ng page lagi ako nasa sampol  market never pa ko nakakita ng beach! Whahahaha"
"Marthe Matia";"marthematia";"Johannesburg, South Africa";"340";"150";"4";"172";"24127";"False";"0";"0";"en";"1506178054";"RT @elnathan_john: Look, if you are going to say fuck, say fuck. F**k is like using meat stock to cook and claiming to be vegan because you…"
"PNG ⭕  [TeamLazor]";"PNG_Gamer";"Toronto, Ontario";"8510";"555";"133";"21946";"28293";"False";"0";"0";"en";"1506178054";"RT @THEREALRTU: Look at what I found in stock...#NintendoSwitch https:\/\/t.co\/2nD8s0d3lJ"
"simon mcgregor-wood";"simonmcgw";"London";"488";"370";"15";"81";"2530";"False";"0";"0";"en";"1506178058";"RT @MotoGP: Disaster at the end of qualifying as a crash from Norrodin collects the likes of Mir, Migno, Guevara &amp; Di Giannanto… "
"HandmadeHour";"HandmadeHour";"Handmade Nation";"56043";"26792";"1527";"100821";"166949";"False";"0";"0";"en";"1506178058";"RT @KelstitchDesign: @HandmadeHour Come and see us at the 'stokie Christmas market' on Sunday 3rd December 10-3. https:\/\/t.co\/C9de4fEtvo"
"DARK MAIL ANONYMOUS";"dark_email";"FREE CLASSIFIEDS ADS";"5261";"5232";"99";"6";"180618";"False";"0";"0";"en";"1506178058";"PDF [FREE] DOWNLOAD Seo 2016: Learn the best search engíne  https:\/\/t.co\/2AH5K208oQ MARKET - SEARCH ENGINES #2016 #best #download FREE ADS"
"Bread Back";"GVSmurf";"Seven Ate Four";"577";"243";"1";"922";"67915";"False";"0";"0";"en";"1506178060";"RT @Strappzdshooter: Get ur 5 bags. Stock goin rapidly"
"Barton Seaver";"bartonseaver";"Coast of Maine";"5235";"284";"330";"48";"1796";"False";"0";"0";"en";"1506178060";"Breakfast at Lexington Market, Baltimore. https:\/\/t.co\/RZRMqdOqyW"
"Based Hicks";"realliquidsaint";"Flah-rida";"317";"517";"21";"6345";"35277";"False";"0";"0";"en";"1506178060";"RT @BetrCutlerLoose: @CNN is stupid.  Government intervention of any kind means it is not a #FreeMarket. https:\/\/t.co\/XXnXOaWoDG"
"WSMV-TV, Nashville";"WSMV";"Nashville, TN";"226716";"2177";"1766";"1939";"143699";"False";"0";"0";"en";"1506178060";"Police have identified the victim in a fatal crash last night on Harding Place. https:\/\/t.co\/FWL2T6sCFy"
"Paulette Hamilton";"PauletteHamil11";"Miliion miles from trumpland";"751";"1016";"15";"37831";"21343";"False";"0";"0";"en";"1506178060";"RT @funder: Trump wants Obamacare to fail insurers so they leave the market— Kushner's healthcare company replaces them #AMJoy https:\/\/t.co…"
"James Sikes";"wosaikeneriki";"Boston, Massachusetts";"21";"1";"0";"0";"60256";"False";"0";"0";"en";"1506178061";"As At&amp;T Com $T Share Price Declined, Portfolio Solutions Has Increased Stake https:\/\/t.co\/nyvroqjC3p"
"Dan Monick";"DanMonickINC";"Los Angeles";"522";"268";"16";"848";"2775";"False";"0";"0";"en";"1506178061";"Wow what a coincidence!! @realDonaldTrump scares insurers off and a #Kushner owned company swoops in! https:\/\/t.co\/qh0Q5sevUp"
"read pinned";"dia_ebooks";"idol hell, est 3\/26\/16";"821";"12";"4";"3";"24726";"False";"0";"0";"en";"1506178062";"Aqours' Bizarre Adventure Part 4: Dia is Not Crash"
"Chris DeRose";"derose";"Miami, FL";"6770";"698";"328";"8311";"16229";"False";"0";"0";"en";"1506178063";"@francispouliot_ @BitPay That's less interesting to me than  who gets to decide . An appeal to government asserts t… https:\/\/t.co\/kw8PKRS8Z5"
"Eric Speck";"Ripple59";"United States";"1622";"1595";"44";"35409";"32193";"False";"0";"0";"en";"1506178063";"@EnvDefenseFund Hopefully he responds soon however this is just another example of how inept Government is. Thanks… https:\/\/t.co\/j3cjXKeCmK"
"Complete Traffic";"CtrafficUK";"England, United Kingdom";"9446";"2687";"101";"10554";"40930";"False";"0";"0";"en";"1506178063";"We are urging motorists to respect roadside workers - after a fatal crash on the #M25  https:\/\/t.co\/lbHgvlKano https:\/\/t.co\/QGhN1Hydy4"
"Lolly";"lcrvy";"England, United Kingdom";"9";"14";"0";"319";"744";"False";"0";"0";"en";"1506178064";"Yes but she's added 2 years to the exit plan. We want out and should not have to pay any more money to do so, and w… https:\/\/t.co\/S0hNQDCbc8"
"#SupportWoohee&Serri";"tuazon_cj";"Makati City";"487";"911";"15";"14514";"30974";"False";"0";"0";"en";"1506178065";"RT @daIshabets: “come with us to the flea market” serri said “it’ll be fun” she said https:\/\/t.co\/tNYbmere6w"
"Renee Walker";"reneeewalker";"Instagram reneeewalker";"365";"153";"2";"2033";"22188";"False";"0";"0";"en";"1506178066";"RT @_yeatez: get in loser we’re going to the farmers market and supporting local businesses"
"Steve Hardeman";"hardemantweet";"Birmingham UK";"34";"175";"0";"397";"979";"False";"0";"0";"en";"1506178067";"RT @johnredwood: The Prime Minister made some good things clear. We will leave the EU in March 2019. We will not stay in the single market…"
"Sheltering Tree";"STreeRanch";"3100 Highway 226, Savannah, TN";"23";"23";"0";"1";"1136";"False";"0";"0";"en";"1506178068";"Market Day was GREAT success THANKS to all our wonderful visitors and our awesome paretns! The kids where already... https:\/\/t.co\/1xKZTnlZRO"
"jean";"Jeansmart45Jean";"Tadley, England";"392";"110";"71";"17784";"42449";"False";"0";"0";"en";"1506178068";"RT @RedHotSquirrel: The UK exports twice as much to America (without a free trade agreement at present) as it does to Germany, our #1 marke…"
"David Hansche";"hanstography";"Yamato";"8";"37";"1";"36";"41";"False";"0";"0";"en";"1506178069";"A large white flower on a black background from a recent photo walk.  #photography #nature #flower #picoftheday https:\/\/t.co\/fGPUR9GCNd"
"So Anyway, Jim...";"TheOtherJmsDn";"Houston, TX";"760";"1332";"4";"98222";"10374";"False";"0";"0";"en";"1506178069";"RT @funder: Trump wants Obamacare to fail insurers so they leave the market— Kushner's healthcare company replaces them #AMJoy https:\/\/t.co…"
"David Veech";"davidveech";"Columbus, Ohio";"351";"412";"32";"1238";"2506";"False";"0";"0";"und";"1506178069";"Smh https:\/\/t.co\/jMuxSW0fpg"
"Mr Highland Wagyu";"HighlandWagyu";"Perthshire, Scotland";"6388";"1843";"32";"3381";"5573";"{'place_type': 'admin', 'full_name': 'Scotland, United Kingdom', 'bounding_box': {'type': 'Polygon', 'coordinates': [[[-7.660857, 54.633631], [-7.660857, 60.845277], [-0.740025, 60.845277], [-0.740025, 54.633631]]]}, 'country': 'United Kingdom', 'url': 'https:\\/\\/api.twitter.com\\/1.1\\/geo\\/id\\/0af014accd6f6e99.json', 'country_code': 'GB', 'name': 'Scotland', 'attributes': {}, 'id': '0af014accd6f6e99'}";"0";"0";"en";"1506178069";"HW Shorthorn stock bull relaxed on a Saturday afternoon highland_wagyu #highlandwagyu #shorthorn… https:\/\/t.co\/pustOeO3qn"
"SpotShop Media";"SpotShopMedia";"Calgary, Alberta";"3258";"4630";"132";"52855";"79795";"False";"0";"0";"en";"1506178069";"@Polkameister In 2 years, he has reduced a once proud, prosperous nation to a laughing stock. https:\/\/t.co\/n6e8WHvX84"
"THOINAH";"twobaskets";"beautiful earth ";"554";"288";"48";"43717";"91341";"False";"0";"0";"en";"1506178070";"RT @GMA: WATCH: Plane crash-lands on California street; pilot and passenger escape unharmed: https:\/\/t.co\/jGJ0mfxdGD @TVMarci https:\/\/t.co\/…"
"Dartanyan Bourget";"db2021";"Maine ";"301";"290";"5";"6047";"13166";"False";"0";"0";"en";"1506178071";"Clearly, the MLB needs a lesson from Crash Davis https:\/\/t.co\/VUHXrMUbsA"
"Angelina Nada";"AngelinaNada";"West Papua";"3279";"4771";"12";"8233";"15420";"False";"0";"0";"en";"1506178071";"RT @rougetoken: The Rouge Project envisions the future of #coupon on the #blockchain. Why so much potential? 3) Because this market… "
"Jessi Wollmann";"jwstarkid";"Blacksburg, VA";"376";"880";"0";"5794";"3258";"False";"0";"0";"en";"1506178070";"Beautiful day at the Radford Farmers Market with @RadfordHonors students! https:\/\/t.co\/nWgztbpbZM"
"Sandeep mishra";"himrsandeep";"Delhi";"511";"400";"7";"301";"5973";"False";"0";"0";"en";"1506178072";"RT @Rishikesh_ADX: NEXT MULTIBAGGER STOCK #PRECISIONWIRE  @sanstocktrader  @prashanttejura @heartwon @nsfidai https:\/\/t.co\/8iOKWgbPkx"
"illegirl";"H0LYAGUSTD";"Istanbul, Turkey";"11361";"3169";"54";"85838";"80029";"False";"0";"0";"en";"1506178072";"RT @vocalgodkth: BTS make history as the first ever korean group to debut at the german top 100 album charts. The THIRD biggest musi… "
"Kerrisdale KBA";"KerrisdaleKBA";"Vancouver, B.C.";"634";"107";"48";"14";"1272";"False";"0";"0";"en";"1506178073";"RT @KDentistry: Should you buy custom or stock mouthguards? New 123 Dentist blog gives you all the info on them https:\/\/t.co\/TTV9AqmPK9"
"Web's Eye View";"ExploreWeb2dot0";"USA";"8844";"8626";"1649";"127";"1065210";"False";"0";"0";"en";"1506178073";"Facebook Messenger Crashing Instantly On iOS 11; Crash Log ... - Forbes https:\/\/t.co\/QCOIAYdpvg"
"Wade";"TheVeritable";"Kentucky, USA";"476";"573";"19";"62454";"64337";"False";"0";"0";"en";"1506178073";"RT @larry_levitt: If Graham-Cassidy fails, there is in theory a bipartisan opportunity to stabilize the market &amp; give states flexibility wi…"
"Bharat D. Sharma";"bdsharmas";"Mumbai, India";"2005";"904";"747";"67093";"75059";"False";"0";"0";"en";"1506178074";"RT @YarmolukDan: #IoT platform market to grow to $16 billion by 2020 https:\/\/t.co\/AumQbyJHu4 #IIoT #ArtificialIntelligence #InternetOfThing…"
"mpris";"pristaelaprast";"Sumedang, Jawa Barat";"1156";"930";"2";"164";"36477";"False";"0";"0";"en";"1506178074";"RT @RELATlONSHlP: I fall too fast, crash too hard, forgive too easy, and care too much."
"THOINAH";"twobaskets";"beautiful earth ";"554";"288";"48";"43717";"91342";"False";"0";"0";"en";"1506178075";"Retweeted Good Morning America (@GMA):  WATCH: Plane crash-lands on California street; pilot and passenger escape... https:\/\/t.co\/sVAbyRcmxZ"
"ellen";"esf1956";"N.Y.";"236";"324";"29";"3131";"73448";"False";"0";"0";"en";"1506178077";"RT @funder: Trump wants Obamacare to fail insurers so they leave the market— Kushner's healthcare company replaces them #AMJoy https:\/\/t.co…"
"Bharat D. Sharma";"bdsharmas";"Mumbai, India";"2005";"904";"747";"67094";"75060";"False";"0";"0";"en";"1506178077";"RT @LitraCoin: Litra coin will be the  utility  for $5.5 trillion healthcare market. Invest now in a solid ecosystem. #ICO… "
"Veronica Parson";"npkondrashova";"New Jersey, USA";"1871";"2680";"2";"614";"1865";"False";"0";"0";"en";"1506178077";"RT @maximychevarn: #trading stock options for a living https:\/\/t.co\/QvHQQUWCGY @kaplina_yulya"
"Splatrick Donghammer";"MonkipiQuinn";"San Diego, CA";"525";"585";"26";"48002";"17686";"False";"0";"0";"en";"1506178078";"RT @Saythetitle: Academy Award Winner- CRASH (2004) https:\/\/t.co\/aD07rfYCLY"
"Jenn__Thomas";"jthomas1951";"Kentucky, USA";"688";"661";"1";"15680";"13090";"False";"0";"0";"en";"1506178079";"RT @KingBroly: Repeal Obamacare and Replace...  With a Full Free Market system, like it used to be before Obamacare fucked it up"
"aria";"mochisuns";"ao3: minxry";"209";"91";"0";"1631";"1516";"False";"0";"0";"en";"1506178080";"RT @vocalgodkth: BTS make history as the first ever korean group to debut at the german top 100 album charts. The THIRD biggest musi… "
"Squawk Box";"SquawkCNBC";"New York, NY";"146975";"226";"2033";"1695";"18563";"False";"0";"0";"en";"1506178080";"The stock market would have to drop as much as 40% to be fairly valued, says advisor https:\/\/t.co\/WdMb9Cgs2N"
"Pascal Rossini";"pascalrossini";"Vitznau, Switzerland";"5335";"3683";"389";"485";"326962";"False";"0";"0";"en";"1506178080";"RT @YarmolukDan: #IoT platform market to grow to $16 billion by 2020 https:\/\/t.co\/AumQbyJHu4 #IIoT #ArtificialIntelligence #InternetOfThing…"
"Sarita Malagón";"sarisme";"Medellin";"127";"471";"5";"8358";"5835";"False";"0";"0";"en";"1506178081";"RT @41Strange: Early full-color Kodachrome film made by Kodak in 1922 to test new film stock and color processing https:\/\/t.co\/QJKCujSd5B"
"Shafiq Irwan";"i_ShafiQ";"Malaysia";"229";"101";"5";"1521";"7912";"False";"0";"0";"en";"1506178083";"@njwzee Oh, bkn crash tu, maybe kena revoke by Apple. But now Tutu App ada new app called Nesstool tht can prevent… https:\/\/t.co\/qWMnGLd7BV"
"StaceyProcter";"AcumenVirtual";"Dallas, TX";"160";"140";"209";"4";"1070";"False";"0";"0";"en";"1506178083";"Increase sales and grow your market share with this simple analysis... #smallbiz #growth https:\/\/t.co\/YbJK7qeXFL https:\/\/t.co\/pYtjwuwkgn"
"Robert Tormey";"BobTormey";"California, USA";"76";"80";"6";"697";"3435";"False";"0";"0";"en";"1506178083";"@JFed_1963 @benwikler Actually I'm the supplier to Amazon of tinfoil hats and related accessories, so I get mine at… https:\/\/t.co\/mkGkls2Sv8"
"Gabriel Wilson";"noritsunagirota";"Cockburn Town, Turks and Caico";"34";"0";"0";"1";"52582";"False";"0";"0";"en";"1506178084";"Spectrum Management Group Position In Us Bancorp Del $USB Was Upped https:\/\/t.co\/Eo289hHJNJ"
"Vinyl Tap Latest";"VinylTapLatest";"Huddersfield, UK";"755";"9";"205";"0";"271657";"False";"0";"0";"en";"1506178084";"Stereolab - Chemical Chords | £4.99 | #stereolab #indie #vinyl #records arrived in stock see:… https:\/\/t.co\/duhrM2UkZX"
"RiseUp";"RiseUp4ALL";"Worldwide";"479";"724";"8";"11624";"9315";"False";"0";"0";"en";"1506178084";"RT @funder: Trump wants Obamacare to fail insurers so they leave the market— Kushner's healthcare company replaces them #AMJoy https:\/\/t.co…"
"beerandcroissants";"beercroissants";"Brisbane, Queensland";"14544";"7885";"656";"6047";"14301";"False";"0";"0";"en";"1506178084";"The best markets in Hobart: Two  must-see  market experiences https:\/\/t.co\/8ygGpBWlLr #travel #ttot via @beercroissants"
"Chad Campbell";"repcampbell";"Phoenix, Arizona";"9686";"1004";"226";"1851";"7874";"False";"0";"0";"en";"1506178085";"RT @MrToronto1: @TFC3Tweets @michnic70 @scrowder Yeah, this is SO complicated. I wonder why no developed country that has… "
"ToTheMooner";"tothemooner";"Moon";"877";"1887";"100";"152";"32743";"False";"0";"0";"en";"1506178085";"RT @StakepoolCom: Jamie Dimon at it with Bitcoin, Russia to becomea World Crypto Power and More Crypto market news. Check it out! https:\/\/t…"
"ANONYMOUS✉EMAIL✉ANON";"anonym_email";"CLASSIFIEDS ADS GRATIS";"5292";"5167";"31";"15";"204320";"False";"0";"0";"pt";"1506178085";"[New] PDF Emaíl Marketíng Demystífíed: Buíld a Massíve Maílí https:\/\/t.co\/ZYs1B3ayuu CLASSIFIEDS - EMAIL LIST #Build #Converts #Copy ADVERTS"
"Richard";"Ashlar1077";"Chester Le Street";"83";"342";"2";"1881";"2547";"False";"0";"0";"en";"1506178086";"RT @jameschappers: Daniel Hannan, 2016:  Absolutely nobody is talking about threatening our place in the single market  #nomandate… "
"Wilson E. Allen";"Wilson46201";"Indianapolis, IN 46201";"744";"619";"74";"50897";"110067";"False";"0";"0";"en";"1506178086";"RT @PDChina: Explosive growth of China's middle class is driving China the world's second largest cruise market… "
"Chris Trott";"trottimus";"United Kingdom";"134014";"469";"323";"1077";"6030";"False";"0";"0";"en";"1506178086";"RT @The_T: Make sure you all tune in at 8pm tonight for part 2 of @hat_films @JalopyGame Crap Car Challenge to find out if I survive the ca…"
"ToTheMooner";"tothemooner";"Moon";"877";"1887";"100";"152";"32752";"False";"0";"0";"en";"1506178087";"RT @StakepoolCom: Want Bitcoin Exposure in your IRA or Stock Trading Account? Here is what I've found. Part 2. Check it out! https:\/\/t.co\/h…"
"tinO";"_t1n0_";"Wandsworth, London";"189";"349";"1";"6685";"24834";"False";"0";"0";"en";"1506178088";"Crash bandicoot https:\/\/t.co\/Vre624ZGtL"
"FarsleyFarmersMarket";"FarsleyFarmers";"Farsley, Leeds";"1076";"179";"104";"9401";"6059";"False";"0";"0";"en";"1506178089";"Davenport's handsome selection of turned wood gifts impressed our market regulars today! @clocksncandles  Returns l… https:\/\/t.co\/fva5lxZ37C"
"Andrew Edelman";"Krat_guy";"Georgia";"162";"215";"10";"473";"1013";"False";"0";"0";"en";"1506178089";"RT @AtlantaGAudubon: Today's the day! Join @AtlantaGAudubon and @GNPSociety for #NativePlant Sale at Stone Mtn. Pk. Stock up for birds!… "
"Pavel H";"StockLitmus";"Central Europe";"34";"23";"8";"0";"1991";"False";"0";"0";"en";"1506178090";"The latest Stock Litmus! https:\/\/t.co\/uPc0hpdyPb Thanks to @The_Real_Fly #apple #intel"
"gabs";"Mrs__Barca";"Toronto, Ontario";"87";"48";"0";"337";"448";"False";"0";"0";"en";"1506178091";"the FIFA web app cant even handle me buying stuff off the market, every purchase i make it kicks me off, cant wait to give these ppl more $"
"paul piert";"paulpeo";"St Helens";"1185";"2379";"12";"2320";"4212";"False";"0";"0";"en";"1506178091";"RT @Market_PlaceSC: Tomorrow at Market Place Bolton, see you there! @OfficialBWFC ⚽️ #MarketPlaceBolton #MPBsports #football #bolton https:…"
"紳士なヤマさん";"yamasanyobi2";"横浜";"2314";"2445";"71";"801";"547781";"False";"0";"0";"ja";"1506178091";"RT @ta_i7: 休憩がてらメンチカツ食べてましたおいしい (@ 福島屋 秋葉原店 FUKUSHIMAYA TASTING MARKET in 千代田区, 東京都) https:\/\/t.co\/23ZcVM1NpZ https:\/\/t.co\/jAJLnIhQtR"
"Lottie";"sluttytillim30";"England";"8860";"938";"23";"22528";"13672";"False";"0";"0";"en";"1506178092";"@rebelrebel43 Do you think so? I was thinking about it but then it was the upkeep with stock? Coz it’s genuine Ann… https:\/\/t.co\/nQ2sb7R3r1"
"Jordan K. Puri";"jordankpuri";"Internet";"37";"46";"1";"42";"71";"False";"0";"0";"en";"1506178093";"RT @brucefenton: Bitcoin 2013:   Hey, anyone got an Airbnb I can crash at during the conference?   Bitcoin 2017:   We are buying our own co…"
"Texas Newz";"TheTexasNewz";"Texas";"2769";"2607";"27";"1";"139242";"False";"0";"0";"en";"1506178093";"Pumpkin truck causes fiery crash on highway - https:\/\/t.co\/hAk6FwlKg4"
"ㅤㅤㅤㅤㅤㅤ";"conbabey";"it's cali baby";"3501";"1222";"8";"16978";"52752";"False";"0";"0";"en";"1506178094";"RT @JohnMayer: Theory: Kanye's  wake up Mr West!  sample on his records is a doctor on the night of his car crash. His career is happening…"
"Austin";"horsepire";"Kansas City";"115";"288";"2";"3912";"8831";"False";"0";"0";"en";"1506178094";"RT @Tesei32: Buried by British troops in a shell hole near the crash site of Plum Farm, just north-east of Ypres, his grave was… "
"gélaskaca";"fuad_isnugroho";"jogjakarta ▲▼ indonesia  ";"226";"122";"6";"106";"8341";"False";"0";"0";"en";"1506178094";"RT @crash_motogp: The top 3 speak in parc fermé: Viñales (pole), Lorenzo (2nd) and miracle man Rossi (3rd)...https:\/\/t.co\/yWHaoKffWV"
"elainel";"elainel_NSL";"London, England";"96";"195";"8";"137";"530";"False";"0";"0";"en";"1506178094";"Fresh hazel nut from Ealing farmers' market. #Ealing #freshnut https:\/\/t.co\/UiHw83u1g0"
"Kristi";"kpcwriter";"Chicago Heights, IL";"2722";"3826";"46";"248";"813";"False";"0";"0";"en";"1506178097";"#Global #mHealth #Services #Market size will exceed US$ 22.5 Billion by 2020 https:\/\/t.co\/gUIjJkJ20w"
"trumpnation2020";"datrumpnation1";"United States";"15459";"11817";"220";"109708";"130780";"False";"0";"0";"en";"1506178097";"And the owners would have a right to fire them.  It’s called the market place.  By the way, no comment on Trump bei… https:\/\/t.co\/bRSraA0v36"
"AUNTIE MAES SWEET TR";"auntiemaessweet";"The Pacific Northwest";"70";"92";"5";"283";"1025";"False";"0";"0";"da";"1506178097";"Artisan Gourmet  Farmers Market Pacific Northwest Gift https:\/\/t.co\/bkQTG17HOM via @Etsy"
"wannaone";"jooheonionrings";"France";"1277";"545";"38";"20924";"224086";"False";"0";"0";"en";"1506178097";"RT @introrun: BTS is charting in all the 10 biggest music markets in the world with good spots im proud https:\/\/t.co\/EllRU6unJi"
"sandeep poonia";"TheSandeeppunia";"Rajasthan, India";"189";"1032";"4";"201";"4693";"False";"0";"0";"hi";"1506178098";"RT @money_bhaskar: पाकिस्तान में उल्टा पड़ा चीन का दांव, डूब गए करोड़ों...   https:\/\/t.co\/EYLrjs2nPo https:\/\/t.co\/whJYyg8yOn"
"(((Eric D. Mertz)))";"EricMertz_KC";"Kansas City";"1509";"2234";"49";"8412";"25064";"False";"0";"0";"en";"1506178098";"As such, the People's Bank of China was ordered to make extremely cheap loans to steel startups for the purpose of flooding the market."
"Data@Work";"data8work";"Singapore";"33";"1";"41";"0";"380389";"False";"0";"0";"en";"1506178099";"Digital Festival: Wales can lead Britain's Internet of Things market ... - IT PRO https:\/\/t.co\/wlhubFu6wH"
"Kenedy";"KenedyFan";"West London";"388";"945";"4";"23738";"7071";"False";"0";"0";"en";"1506178099";"@CesckyEdition Was in a car crash mate"
"Christina Carilla";"ChristinaCTV";"Florida, USA";"1249";"3529";"40";"1812";"3926";"False";"0";"0";"en";"1506178100";"RT @ImmFire_PIO: To ALL in Immokalee: We are handing out food, water, toiletries, etc. all-day at 507 New Market Rd E, right across from Fi…"
"Ear Wax Candy";"EarWaxCandy";"FL";"140";"142";"3";"395";"665";"False";"0";"0";"en";"1506178100";"@SryAbtYourCats Thought you might need to stock up on them after last night"
"The Bike House";"bikehousebangor";"Bangor, Northern Ireland";"92";"1";"0";"12";"126";"False";"0";"0";"en";"1506178100";"This week we seen stock of the 2018 Trek range starting to flow into stock. The Trek T80 was the… https:\/\/t.co\/u28sR2HDYL"
"都心湾岸丸 R.I.P";"tokyo_jcs";"都心湾岸区";"9032";"82";"263";"17989";"35957";"False";"0";"0";"ja";"1506178100";"経年による老朽化や景観上の問題のほか、お年寄りやベビーカーを利用される方にとって歩道橋そのものが「バリア」となっているという側面があります。 https:\/\/t.co\/kj1dHPxcnz とっとと撤去して横断歩道にしてほしいところもチラホラ"
"Ryan";"SparMMMMMMMMMM";"TeXaS R US";"415";"44";"8";"11801";"27319";"False";"0";"0";"en";"1506178100";"3 days into meat market and chill and i already got a promotion and a raise."
"MarcMarquezMalta";"MM93Malta";"Malta";"154";"22";"6";"12";"9324";"False";"0";"0";"en";"1506178101";"Viñales on pole, Rossi on the front row and a Marquez crash https:\/\/t.co\/oPbB9mVPOh"
"Paniro";"ChrisPaniro";"Up North OTT ";"857";"1435";"10";"16288";"9086";"False";"0";"0";"en";"1506178101";"RT @Vada_Fly: I mean we dont see Floyd, Canelo or GGG boxing every other month...... Preparation is everything. Your  stock  should mean mo…"
"`";"ouwpal";"Nomaden";"263";"238";"5";"4329";"18721";"False";"0";"0";"fr";"1506178102";"RT @crash_motogp: Vinales pole, Rossi front row! ➡️https:\/\/t.co\/PF3B9ON4yp  @Maverickmack25 @ValeYellow46 @YamahaMotoGP #AragonGP… "
"Eddie";"Eddieness";"North Carolina";"171";"518";"4";"796";"6481";"False";"0";"0";"en";"1506178102";"@JourdanRodrigue Of course he won’t. He probably has stock in trump towers"
"Blue Streak Daily";"BSAFunds";"New York, USA";"21054";"7742";"547";"1";"715423";"False";"0";"0";"en";"1506178102";"Facebook drops stock reclassification that would have solidified Zuckerberg’s control https:\/\/t.co\/hk1qll9zNN https:\/\/t.co\/bunmSb5Pf6  — …"
"Armageddon Apocalyps";"MissionaryJapan";"Human Race Survival Resistance";"1772";"1515";"53";"1";"111648";"False";"0";"0";"en";"1506178102";"Illuminati homo-capensis specie is exterminating millions of human homo-sapiens specie using chem trail, GMO, cance… https:\/\/t.co\/CCrhIWkzLe"
"RobertsonFamilyFarm";"farm_robertson";"Yuba City, CA";"23";"69";"0";"2";"70";"False";"0";"0";"en";"1506178103";"Saturday morning farmers market and the season is changing, you can taste it ! My favorite… https:\/\/t.co\/tHp5IUBKZy"
"Essex Talk";"EssexTalk";"Essex";"5354";"3485";"1240";"12248";"362160";"False";"0";"0";"en";"1506178104";"RT @mightymatcha: Running low on Mighty Matcha? Click here to stock up &gt;&gt;&gt; https:\/\/t.co\/3alw0GfEqu #Matcha #GreenTea #MatchaTea https:\/\/t.c…"
"Wigan Civic Trust";"WiganCivicTrust";"Wigan, Lancashire, U.K.";"476";"158";"6";"25";"728";"False";"0";"0";"en";"1506178104";"RT @WiganMuseum: Seated weighing scales early 1900's they were situated in the Market Arcade, Wigan. Can you or any of your family r… "
"Lance HOPE Baxter";"LuckyBassard";"North West, England";"209";"173";"4";"10083";"13723";"False";"0";"0";"en";"1506178105";"RT @johnredwood: The Prime Minister made some good things clear. We will leave the EU in March 2019. We will not stay in the single market…"
"moe music";"moewave";"Moeland";"1922";"197";"10";"11214";"9517";"False";"0";"0";"en";"1506178106";"She's so cute!! Anime: Tamako Market https:\/\/t.co\/cXEI52sI5N"
"The Startup Nerd";"Startup_Nerd";"Palo Alto, CA";"92784";"76598";"1223";"117";"80546";"False";"0";"0";"en";"1506178107";"10 content marketing tips for your blog. @trueromero https:\/\/t.co\/Zxf6O8D1Zj"
"William J.";"Willyon69";"LYON";"72";"167";"0";"2803";"2007";"False";"0";"0";"fr";"1506178107";"RT @SortirduTabac: L'explosion démographique de l'Afrique aiguise l'appétit des cigarettiers https:\/\/t.co\/eR02BUcgvY @Isped_Bordeaux @NSRev…"
"The Evo-Stik League";"evostikleague";"Northern England";"16782";"123";"148";"156";"11867";"False";"0";"0";"en";"1506178108";"RT @parksteelsfc: 45'+1 Stocksbridge Park Steels - Market Drayton 0-1: First half ended https:\/\/t.co\/p5krGGRlw9 https:\/\/t.co\/FYl5hDbso1"
"Kiandra Agenk";"papukian";"Depok ";"624";"2270";"23";"1263";"19320";"{'place_type': 'city', 'full_name': 'Pancoran Mas, Indonesia', 'bounding_box': {'type': 'Polygon', 'coordinates': [[[106.7791, -6.415509], [106.7791, -6.373404], [106.837288, -6.373404], [106.837288, -6.415509]]]}, 'country': 'Indonesia', 'url': 'https:\\/\\/api.twitter.com\\/1.1\\/geo\\/id\\/6066956b38a2b2d9.json', 'country_code': 'ID', 'name': 'Pancoran Mas', 'attributes': {}, 'id': '6066956b38a2b2d9'}";"0";"0";"tl";"1506178109";"Asics Onitsuka Tiger Mexico  Original Japan size 37-44   Limited Stock..!!!  Harga ?? Langsung… https:\/\/t.co\/tTzJTCAMJK"
"Kristin Byrne ABC 7";"Kristin_Byrne";"Chicago, IL";"3712";"1672";"103";"2138";"12828";"False";"0";"0";"en";"1506178109";"If you are heading to #doorsopenmilwaukee traffic is BAD on 94 EB ...backed up from 27th to 35th (crash around 35th st)"
"TheresaI";"Otispfudpucker";"USA";"479";"1113";"0";"13553";"10689";"False";"0";"0";"en";"1506178109";"RT @funder: Trump wants Obamacare to fail insurers so they leave the market— Kushner's healthcare company replaces them #AMJoy https:\/\/t.co…"
"Intracoastal Realty";"IntracoastalRC";"Wilmington, NC";"1471";"1150";"32";"721";"3961";"False";"0";"0";"en";"1506178110";"Since 1976, we have specialized in the Wilmington, NC real estate market. If you are looking for your first or... https:\/\/t.co\/D3Z294pjol"
"Network Affiliates";"Netaff";"Denver, Colorado";"701";"551";"39";"75";"1043";"False";"0";"0";"en";"1506178110";"You don't need a massive budget to fight big law firms in your market. You need creative vision and a distinct me... https:\/\/t.co\/e8NEGDjqSx"
"Francesca Lancaster";"FrancescaL6br";"Buffalo, NY";"192";"446";"4";"395";"18690";"False";"0";"0";"en";"1506178111";"RT @kpcwriter: By 2021 Market Share of Base Oil to Reach US$ 12 Billion https:\/\/t.co\/f3bb9Vm90G"
"Yang Saing Koma";"YangSaingKoma";"Cambodia";"873";"215";"13";"837";"784";"False";"0";"0";"en";"1506178111";"Assisting pineapple farmers to convert to organic farmer and to have access to national and international market is… https:\/\/t.co\/Z9NZZfFT77"
"Isabelle H-Gustafson";"izzysroses";"Connecticut";"8271";"8052";"408";"228";"286940";"False";"0";"0";"en";"1506178111";"RT @Conservatexian: News post:  Crash Causes Gas Leak , Evacuations in Minneapolis  https:\/\/t.co\/zxjx8UrRYY"
"DARK MAIL ANONYMOUS";"dark_email";"FREE CLASSIFIEDS ADS";"5261";"5232";"99";"6";"180619";"False";"0";"0";"und";"1506178112";"[PDF] Download Search Engíne Optímízatíon All-ín-One For https:\/\/t.co\/eyGR6Eg7ja MARKET - SEARCH ENGINES #allinone #books #download FREE ADS"
"rdg";"deg2";"New York, USA";"1195";"2273";"26";"113243";"23449";"False";"0";"0";"en";"1506178114";"RT @TopherSpiro: South Carolina press is doing its job: Pointing out that Lindsey Graham sabotaged a bipartisan bill that would have… "
"B Towns";"bornnusa";"texas";"721";"771";"77";"29748";"46714";"False";"0";"0";"en";"1506178115";"RT @Emolclause: Price crafted laws that would benefit HIS STOCK TRADES. MAJOR COI!! #TheResistance #CNN #MSNBC https:\/\/t.co\/rr69OoO0fH"
"TAKIKOの夢工房";"t_junoka";"宮崎県";"105";"191";"1";"193";"4236";"False";"0";"0";"ja";"1506178116";"tetoteにて販売中のアクセサリー「～天使のお届け物～フラワーネックレス(ゴールド)」 https:\/\/t.co\/X8uKx6W0zS　天使からのゴージャスなお届け物です!!　@tetote_marke　#グルーガン　#軽い… https:\/\/t.co\/09uVe1Dsex"
"joey";"joeyz95";"Chicago, IL";"1884";"2066";"42";"105223";"46639";"False";"0";"0";"en";"1506178118";"RT @_yeatez: get in loser we’re going to the farmers market and supporting local businesses"
"rrd";"jhsformyg";"[bts-pentagon]";"783";"574";"4";"8658";"6030";"False";"0";"0";"en";"1506178118";"RT @vocalgodkth: BTS make history as the first ever korean group to debut at the german top 100 album charts. The THIRD biggest musi… "
"Rohit Kumar Sharma";"RohitkrSh";"New Delhi";"10528";"967";"62";"44650";"66555";"False";"0";"0";"en";"1506178118";"RT @sheetal_tweets: Commendable job Aish Proud of you...  You are True Inspiration for Youth https:\/\/t.co\/uRUygQvVQu"
"George Krause";"gkrausejr";"Manitowoc County Wisconsin";"194";"380";"4";"65";"118";"False";"0";"0";"en";"1506178118";"New on market Investment property 12 CAP https:\/\/t.co\/zMNKHxWoOd"
"dukdui";"majmojok";"In Jhope's smile & RM's eyes";"26";"229";"0";"1785";"8840";"False";"0";"0";"en";"1506178118";"RT @vocalgodkth: BTS make history as the first ever korean group to debut at the german top 100 album charts. The THIRD biggest musi… "
"Helen Yates";"HelenYates52";"Glenrothes, Scotland";"1148";"705";"35";"1135";"53241";"False";"0";"0";"en";"1506178120";"RT @MrMalky: I've heard all I needed to hear today No Single Market No EEA Labour in agreement with her Let's start printing the ballots #S…"
"don't";"Quinterito__";"Bogotá, Colombia.";"542";"1105";"2";"9705";"8718";"False";"0";"0";"es";"1506178120";"Solo quiero alguien que me invite a su casa a jugar Crash"
"Cryptowire";"Cryptow1re";"Blockchain";"690";"228";"21";"79";"37461";"False";"0";"0";"en";"1506178121";"@reddit: We're exiting a bear market. Which coins do you think will skyrocket in the coming weeks? https:\/\/t.co\/glnPbjT6YG"
"VennOG";"RoosAddick";"Melbourne, Victoria";"79";"217";"8";"3742";"2671";"False";"0";"0";"en";"1506178122";"@triplemfooty If what he says actually happens then concussinon is a joke and the afl are a laughing stock. What do… https:\/\/t.co\/sbeZQBBB7c"
"Leonardo Marques";"LeonardoMCzack";"Montese, Fortaleza";"13";"39";"0";"79";"306";"False";"0";"0";"pt";"1506178123";"Quem tem o Crash of Cars?! Consegue vencer-me? https:\/\/t.co\/HBDyWohJBt https:\/\/t.co\/LNOQLenUeY"
"Dan";"REMAXCommAgent";"Toronto";"609";"23";"5";"0";"760";"False";"0";"0";"en";"1506178123";"While the housing market cooled slightly, the amount of new home starts continued to see growth across Canada.… https:\/\/t.co\/T8b43OMxbf"
"tinO";"_t1n0_";"Wandsworth, London";"189";"349";"1";"6685";"24835";"False";"0";"0";"en";"1506178124";"@Esp_Interativo Crash bandicoot"
"Yvonne Norris";"ysuiter";"Vista, CA";"9";"5";"0";"1";"13628";"False";"0";"0";"en";"1506178125";"I just checked in at Frazier Farms Market with #mPLUSPlaces Download today!  https:\/\/t.co\/y1zvzIb32t"
"Gardens Oy Vey";"gardensoyvey";"Arlington, TN, USA";"78";"161";"0";"107";"369";"{'place_type': 'city', 'full_name': 'Memphis, TN', 'bounding_box': {'type': 'Polygon', 'coordinates': [[[-90.135782, 34.994192], [-90.135782, 35.272849], [-89.708276, 35.272849], [-89.708276, 34.994192]]]}, 'country': 'United States', 'url': 'https:\\/\\/api.twitter.com\\/1.1\\/geo\\/id\\/f995a9bd45d4a867.json', 'country_code': 'US', 'name': 'Memphis', 'attributes': {}, 'id': 'f995a9bd45d4a867'}";"0";"0";"en";"1506178125";"Sun lovers #memphisfarmersmarket @ Memphis Farmers Market https:\/\/t.co\/z0Tz0B0O0E"
"vivek purohit";"vivek1purohitg1";"Bhopal M.P.";"840";"5007";"13";"26679";"23588";"False";"0";"0";"en";"1506178126";"RT @khalidbshah: Is that your best rejoinder? I thought we were talking about facts. What do you know about ISIS flags in Kashmir? https:\/\/…"
"Ludonkey";"ludonkeygames";"Marseille, FRANCE";"196";"153";"24";"116";"1489";"False";"0";"0";"en";"1506178128";"RT @KnightsOfUnity: You can easily restore your unsaved scene file after Unity crash. It's really easy! https:\/\/t.co\/ToO8PDgbUR #unity3d #g…"
"BTS_lines (방탄소년단)";"BTS_lyrix";"In Bangtan's lives";"62";"140";"0";"1109";"2684";"False";"0";"0";"en";"1506178128";"@Jeff__Benjamin @NOMONEYFANGIRL Hardworking they are. How passionate to their career. So to become a laughing stock… https:\/\/t.co\/epc5MTQjPZ"
"khadijateri";"khadijateri";"Tripoli, Libya";"586";"479";"33";"2064";"3318";"False";"0";"0";"en";"1506178129";"RT @HRafferty1: This cafe is now the centrepoint for #Tripoli's foreign currency black market.  Avoid at midday! #Libya https:\/\/t.co\/8MCkKQ…"
"Grace";"graceycreative";"Hoxton, London";"1987";"3350";"237";"28458";"7501";"{'place_type': 'city', 'full_name': 'Wandsworth, London', 'bounding_box': {'type': 'Polygon', 'coordinates': [[[-0.259465, 51.417277], [-0.259465, 51.486036], [-0.127974, 51.486036], [-0.127974, 51.417277]]]}, 'country': 'United Kingdom', 'url': 'https:\\/\\/api.twitter.com\\/1.1\\/geo\\/id\\/460c5314e8a33c64.json', 'country_code': 'GB', 'name': 'Wandsworth', 'attributes': {}, 'id': '460c5314e8a33c64'}";"0";"0";"en";"1506178129";"BC Drivers adjusting stats to suit . Believe in Open Market and freedom of choice #uber"
"Mark Coffey";"txsinatrafan";"Austin, TX";"1024";"2492";"18";"14715";"24377";"{'place_type': 'city', 'full_name': 'Lamesa, TX', 'bounding_box': {'type': 'Polygon', 'coordinates': [[[-101.987369, 32.713289], [-101.987369, 32.762958], [-101.923783, 32.762958], [-101.923783, 32.713289]]]}, 'country': 'United States', 'url': 'https:\\/\\/api.twitter.com\\/1.1\\/geo\\/id\\/df99d2e80f80eed2.json', 'country_code': 'US', 'name': 'Lamesa', 'attributes': {}, 'id': 'df99d2e80f80eed2'}";"0";"0";"en";"1506178130";"@NBCSportsSoccer thought: we'll take away Extra Time and charge $50. Then the first team MUFC is on, we'll crash our untested server load."
"Rodrigo Nunes Cal";"rodrigonunescal";"São José do Rio Preto, Brasil";"9335";"3669";"3572";"99875";"158893";"False";"0";"0";"en";"1506178131";"RT @YarmolukDan: #IoT platform market to grow to $16 billion by 2020 https:\/\/t.co\/AumQbyJHu4 #IIoT #ArtificialIntelligence #InternetOfThing…"
"Jackie Davis";"JackieDavisRE";"Fairfield County, CT";"3";"0";"0";"0";"21";"False";"0";"0";"en";"1506178131";"66  Burroughs  Road Fairfield, CT 06824 is now new to the market! https:\/\/t.co\/pE260eavBD"
"Marlene F  #DemForce";"marlene116";"Hillsboro, Oregon";"1362";"1340";"102";"24507";"72243";"False";"0";"0";"en";"1506178133";"RT @funder: Trump wants Obamacare to fail insurers so they leave the market— Kushner's healthcare company replaces them #AMJoy https:\/\/t.co…"
"Express & Star";"ExpressandStar";"Wolverhampton";"131609";"4075";"950";"484";"147206";"False";"0";"0";"en";"1506178134";"No dropped kerb and a huge telegraph pole in the way - this house is on the market for £370,000 https:\/\/t.co\/9ZGmW2RPYs"
"Jilly Illg";"JillyIllg";"Port St Lucie, FL";"382";"92";"14";"41212";"49304";"False";"0";"0";"en";"1506178134";"RT @funder: Trump wants Obamacare to fail insurers so they leave the market— Kushner's healthcare company replaces them #AMJoy https:\/\/t.co…"
"New York City Patch";"NYC_Patch";"New York, NY";"682";"202";"22";"117";"4895";"False";"0";"0";"en";"1506178134";"You're invited: Chelsea Farmers Market https:\/\/t.co\/Q2UZv5vKuY https:\/\/t.co\/I4sNWdvmZk"
"Tom W Brown";"SimplyTom";"England";"385";"522";"20";"2370";"2005";"{'place_type': 'admin', 'full_name': 'East, England', 'bounding_box': {'type': 'Polygon', 'coordinates': [[[-0.74578, 51.448222], [-0.74578, 52.992679], [1.768936, 52.992679], [1.768936, 51.448222]]]}, 'country': 'United Kingdom', 'url': 'https:\\/\\/api.twitter.com\\/1.1\\/geo\\/id\\/3bc1b6cfd27ef7f6.json', 'country_code': 'GB', 'name': 'East', 'attributes': {}, 'id': '3bc1b6cfd27ef7f6'}";"0";"0";"en";"1506178135";"Don’t stand in the way of change or innovation; you can’t fight what the market wants. By banning Uber you increase… https:\/\/t.co\/DZKiJlO0ig"
"Mount Sion GAA";"MountSionGAA";"Waterford";"1894";"976";"22";"824";"6143";"False";"0";"0";"en";"1506178135";"Gerry Kennedy Crash Repairs Junior A Hurling  Final  @NewtownBallydur  0-02 @MountSionGAA 0-03  15 mins gone in first half"
"uraja";"UmarRaj72920340";"Dubai, United Arab Emirates";"70";"190";"0";"19480";"10693";"False";"0";"0";"en";"1506178136";"RT @kamaalrkhan: According to honest @Swamy39 Ji, our economy can crash anytime n we all can become #2RsPpl during one night only. Congrats…"
"Gabriel Wilson";"noritsunagirota";"Cockburn Town, Turks and Caico";"34";"0";"0";"1";"52583";"False";"0";"0";"en";"1506178136";"Ross Stores $ROST Shareholder Spectrum Management Group Has Trimmed Its Holding as Stock Declined ..."
"Sylvianatasha";"Sylvianatasha6";"Tanah Abang, Indonesia";"661";"2057";"0";"1221";"1192";"False";"0";"0";"en";"1506178137";"RT @RivetzCorp: The mind shift towards simplifying yet strengthening security and safety requires the market to not only embrace it but to…"
"Janet Eastman";"janeteastman";"Oregon";"2058";"2376";"106";"14";"3437";"{'place_type': 'city', 'full_name': 'Portland, OR', 'bounding_box': {'type': 'Polygon', 'coordinates': [[[-122.790065, 45.421863], [-122.790065, 45.650941], [-122.471751, 45.650941], [-122.471751, 45.421863]]]}, 'country': 'United States', 'url': 'https:\\/\\/api.twitter.com\\/1.1\\/geo\\/id\\/ac88a4f17a51c7fc.json', 'country_code': 'US', 'name': 'Portland', 'attributes': {}, 'id': 'ac88a4f17a51c7fc'}";"0";"0";"en";"1506178137";"On the market: Top 10 priciest and cheapest homes (photos) https:\/\/t.co\/wriT2eksL0 https:\/\/t.co\/4qxnptH4NH"
"malgosia skawinski";"solamiga";"Peckham Rye";"1644";"1559";"81";"15833";"102786";"False";"0";"0";"en";"1506178138";"@jameschappers @SidSaucy Cameron lost. Pro-Leave voices won, remember? Ergo: Stay-in-the-Single-Market won. https:\/\/t.co\/kYsn4WJob6"
"Vladimir";"Vrabac68";"MIAMI,NYC,SERBIA,GERMANY";"498";"1951";"8";"7090";"6501";"False";"0";"0";"en";"1506178138";"RT @Blockchainlife: #JPMorgan has been reported to Swedish Financial Supervisory Authority for market manipulation after Jamie Dimon's… "
"NewOnBBCiPlayer -fan";"NewOnBBCiPlayer";"United Kingdom";"51";"7";"4";"1";"29586";"False";"0";"0";"en";"1506178141";"Warning: Inside Story: 1976: The Market (30 Mar 1976) is only available until 15:13 23 September 2017 https:\/\/t.co\/iMty7rArLV #LastChance"
"SneekAround.com";"SNEEKTWEETS";"US";"113091";"87784";"256";"13";"289411";"False";"0";"0";"en";"1506178141";"Over 500 Medications In Stock - No Prescription No Problem - https:\/\/t.co\/XoeafbmQLi https:\/\/t.co\/GHMOHFhrTH"
"Social Start Now";"socialstartnow";"Brian@socialstartnow.com";"1071055";"246762";"1411";"1";"59747";"False";"0";"0";"en";"1506178142";"Stock Picks by Rigatoni https:\/\/t.co\/JXlVX1n5ty #wsj #reuters #nasdaq #business #bloomberg #nytimes #forbes… https:\/\/t.co\/CJ7RY9jHam"
"SNFB, Inc.";"socmrktng";"Albuquerque, NM";"203025";"142402";"962";"4";"47634";"False";"0";"0";"en";"1506178142";"Stock Picks by Rigatoni https:\/\/t.co\/7Ze7ESVu1R #wsj #reuters #nasdaq #business #bloomberg #nytimes #forbes… https:\/\/t.co\/vD68XMNJBv"
"Sybille Rompe";"SybilleRompe";"Berlin, Germany";"458";"1312";"14";"212";"1564";"False";"0";"0";"und";"1506178143";"@amlivemon @NinaDSchick @GMB https:\/\/t.co\/r22jsBfcYf"
"Bobbyb News";"bobbybnews";"Nashville Tennessee";"2946";"5001";"119";"26650";"132108";"False";"0";"0";"en";"1506178143";"RT @MrToronto1: @TFC3Tweets @michnic70 @scrowder Yeah, this is SO complicated. I wonder why no developed country that has… "
"Invo Maicih Depok";"InvoMaicihDepok";"Indonesia";"1016";"1145";"4";"0";"40700";"False";"0";"0";"in";"1506178144";"» #InvoMaicih | OPEN Reseller &amp; Delivery seluruh Indonesia stock lengkap n Best Price » @oyodika | PIN:27C43FB1 - whatsapp:085694841292 .R»…"
"CryptosaurusRex";"CryptosaurusRex";"The Moon";"1636";"263";"26";"1705";"1421";"False";"0";"0";"en";"1506178144";"A lot of great coins are way down in the list while shitty ICO's have 10x their market cap, meaning theres a lot of stupid money in $crypto."
"LiveDigital";"LiveDigitall";"Canada";"303";"666";"37";"2993";"11309";"False";"0";"0";"en";"1506178145";"Off market hours seems dismal. I had a dream.  @CNBC"
"karen wolf";"karenkaren69";"Maryland, USA";"447";"755";"43";"6408";"22466";"False";"0";"0";"en";"1506178145";"Busan, South Korea! Close down all illegal dog slaughterhouses &amp; restaurants in Gupo market now! - Si... https:\/\/t.co\/cHxaaOW5vD via @Change"
"Aca§ia Kay";"_Aieon";"Chicago, IL";"180";"1165";"58";"2";"49599";"False";"0";"0";"en";"1506178144";"@realDonaldTrump There comes a time in every geriatrics life when the rotation of plummeting stock reaches the point of no return."
"Birmingham Now";"birminghamALNow";"Birmingham, AL";"226";"16";"5";"1";"63580";"False";"0";"0";"en";"1506178142";"Court clears way for lawsuit over deadly fire truck crash https:\/\/t.co\/a6ICXdmfp4"
"jennifer west";"lovejenwest";"Virginia";"2492";"1768";"92";"53441";"72900";"False";"0";"0";"en";"1506178146";"RT @funder: Trump wants Obamacare to fail insurers so they leave the market— Kushner's healthcare company replaces them #AMJoy https:\/\/t.co…"
"Karen Van Drie";"worldlibraries";"Istanbul, Turkey";"685";"1999";"74";"916";"6154";"False";"0";"0";"en";"1506178147";"‘The era of world lit is at hand, &amp; everyone must contribute to accelerating it,’ Goethe.  Follow @GlobalLitinLibs https:\/\/t.co\/uVhqrNWtYm"
"linisy";"sugardroplinisy";"California, USA";"60";"453";"0";"1176";"1144";"False";"0";"0";"en";"1506178147";"RT @vocalgodkth: BTS make history as the first ever korean group to debut at the german top 100 album charts. The THIRD biggest musi… "
"Zoë";"ZoeMarkham";"Oxford, England";"4655";"3286";"211";"30706";"15398";"False";"0";"0";"en";"1506178147";"@TomWritesNovels Just using a low-salt stock, because BLOOD PRESSURE!"
"TrumpedAmerica";"TrumpedAmerica";"USA";"1818";"604";"178";"6";"86827";"False";"0";"0";"en";"1506178147";"Theresa May unveils plans for Britain to stay in single market five years after it voted Leave… https:\/\/t.co\/qJRYQb1oQx"
"iconewskorea";"iconewskorea";"Republic of Korea";"47";"501";"0";"3";"279";"False";"0";"0";"en";"1506178148";"RT @GUTStickets: With the help of blockchain tech we are fighting the secondary ticketing market. Let's fight together! ✊… "
"Ben Hundley";"benrhundley";"Stamford Bridge";"613";"566";"11";"17617";"6279";"False";"0";"0";"en";"1506178149";"RT @_CarefreeBlue: No way we would get the deal done by the deadline https:\/\/t.co\/Fc9zIorQjM"
"Chandler knight";"knightchandler7";"Rochester, ny";"1174";"1828";"41";"2793";"17317";"False";"0";"0";"en";"1506178149";"RT @TalibKweli: The market is free. You can choose to buy my music or you can choose not to if you don't support me as a man. Stop… "
"Lisa Marrufo";"MarrufoLisa";"Sugar Land, TX";"49";"332";"1";"8860";"2372";"False";"0";"0";"en";"1506178149";"RT @funder: Trump wants Obamacare to fail insurers so they leave the market— Kushner's healthcare company replaces them #AMJoy https:\/\/t.co…"
"Marc Ryan";"MarcRyan2001";"Canton, MI";"176";"749";"7";"5044";"7349";"False";"0";"0";"en";"1506178150";"@realDonaldTrump 3\/ remove taxes on medical devices allow to buy across state lines... let the free market do the w… https:\/\/t.co\/VKUVDD5GHs"
"きっしゃん＠10\/1南三重";"psychicer2";"大阪 大阪市";"1017";"557";"16";"10153";"2792";"False";"0";"0";"ja";"1506178150";"F1シンガポールGPのスタート多重クラッシュシーン Vettel, Verstappen, Raikkonen Crash In Dramatic Start | 2017 Singapore G... https:\/\/t.co\/TMWX79CbJT @YouTubeさんから"
"Raul G Pedraza Jr";"Liamsassy6";"Alamogordo, New Mexico";"350";"521";"77";"32487";"30697";"False";"0";"0";"en";"1506178152";"RT @funder: Trump wants Obamacare to fail insurers so they leave the market— Kushner's healthcare company replaces them #AMJoy https:\/\/t.co…"
"Derik Bernhardt";"PaganApologist";"United States";"20";"270";"0";"1";"6";"False";"0";"0";"en";"1506178153";"@Team_Trump45 @realDonaldTrump This is happening due to uncertainty in the market. Take an economics course. This i… https:\/\/t.co\/GOyKbKFiLj"
"iconewskorea";"iconewskorea";"Republic of Korea";"47";"501";"0";"3";"280";"False";"0";"0";"en";"1506178153";"RT @OpenMoneyICO: Bitcoin Will Hit $5 Trln Market Cap: Aaron Lasher https:\/\/t.co\/F7ZDzayRcW"
"James R";"jrstriker12";"The Ruff Spot";"651";"2172";"35";"8699";"12608";"False";"0";"0";"en";"1506178154";"Crashplan dropping home users https:\/\/t.co\/20MIwjqHra"
"Jillian Gordon";"jillianedu";"Athens, GA";"682";"591";"19";"4370";"6308";"False";"0";"0";"en";"1506178154";"Work smarter, not harder. Headed to the farmers market for some produce and an #SAEvisit all in one morning.… https:\/\/t.co\/f2k5yfJZdY"
"Deplorable American";"LJSpagnoli";"las vegas ";"13313";"14641";"127";"2979";"71115";"False";"0";"0";"en";"1506178155";"RT @KevenKos: She has Humiliated Great Britain, we are a Laughing Stock in EUROPE! https:\/\/t.co\/EB3Qx4Egxx"
"Enzo";"ThatGerman_Enzo";"University of Central Florida";"519";"610";"3";"7712";"35593";"False";"0";"0";"en";"1506178156";"RT @UCFKnightNews: #Breaking. Reports of fatal crash on University near #UCF, leaving a young person dead. https:\/\/t.co\/yI5vMvo1SH"
"Snowflakeremover";"delibber2017";"United States";"3958";"4351";"1";"7439";"9097";"False";"0";"0";"en";"1506178157";"RT @thingamadamit: @ComfortablySmug @SenJohnMcCain That traitor chose to stay there. Hell IT probably crash landed the plane so he cou… "
"Jose Pizarro";"jmpz14";"Guayas, Ecuador";"91";"207";"9";"11346";"8083";"False";"0";"0";"es";"1506178158";"¡Mira la transmisión de mi PlayStation 4! #PS4live (Crash Bandicoot N. Sane Trilogy)  live at https:\/\/t.co\/sYEdddFRfB"
"katerina Mpakirtzi";"KMpakirtzi";"Greece";"200";"1001";"6";"6711";"3058";"False";"0";"0";"en";"1506178158";"@ManPin @foreignoffice @AlistairBurtUK They beheaded christians or polytheists in public or sell the girls 20 € sla… https:\/\/t.co\/9zcpMszX9D"
"Jagdish";"jmzagade";"on paper bomb";"1103";"635";"26";"7532";"11275";"False";"0";"0";"en";"1506178159";"RT @theHasnainRaza: Driver- sir, kaha jana h He- kaha chle?  She- where we can find peace He- mutton market le chal yaar  [kicked out]"
"Marci Wright";"marciw10";"Seattle";"1362";"2533";"61";"82147";"136278";"False";"0";"0";"en";"1506178159";"RT @RedPandasDaily: Fox News is cancelled welcome to Red Panda News™ . We have taken over. And here is John with apple stock prices. Jo… "
"ゆーたい";"yutaiyutai";"茨城県土浦市";"146";"268";"4";"13347";"13117";"False";"0";"0";"ja";"1506178162";"これは酷い。大丈夫だろうか？ https:\/\/t.co\/lTNSlwbsBg"
"BDA";"DieBDA";"Berlin";"4807";"345";"210";"270";"3445";"False";"0";"0";"de";"1506178162";"Kampeter @CNBC: Brauchen offene #Wirtschaft &amp; Gesellschaft, um Herausforderungen zu meistern https:\/\/t.co\/3wiFnqnoRZ"
"Emily";"emrosedoyle";"Adirondacks";"26";"296";"1";"1181";"589";"False";"0";"0";"en";"1506178162";"RT @funder: Trump wants Obamacare to fail insurers so they leave the market— Kushner's healthcare company replaces them #AMJoy https:\/\/t.co…"
"Properties Central";"PrCentralInc";"Worcester, MA";"107";"451";"2";"0";"519";"False";"0";"0";"en";"1506178162";"The most Effective facts you ought to know about while you market your property in MA https:\/\/t.co\/9PDuZQPD8t"
"ian - iD4";"djid4";"Bay Area\/Sac, CA";"807";"1366";"36";"193";"94932";"False";"0";"0";"en";"1506178163";"RT @JohnMayer: Theory: Kanye's  wake up Mr West!  sample on his records is a doctor on the night of his car crash. His career is happening…"
"DARK MAIL ANONYMOUS";"dark_email";"FREE CLASSIFIEDS ADS";"5261";"5232";"99";"6";"180620";"False";"0";"0";"en";"1506178164";"BEST PDF SEO Fítness Workbook: 2015 Edítíon: The Seven Steps t https:\/\/t.co\/BZcRCFul07 MARKET - SEARCH ENGINES #2015 #best #edition FREE ADS"
"Dylan A. Kent";"dylanakent";"Existing Beyond Dimensions";"1189";"1908";"114";"44023";"47142";"False";"0";"0";"en";"1506178165";"RT @41Strange: Early full-color Kodachrome film made by Kodak in 1922 to test new film stock and color processing https:\/\/t.co\/QJKCujSd5B"
"The Nomodder";"Iamnomodder";"Under your bed";"517";"275";"31";"6621";"8952";"False";"0";"0";"en";"1506178166";"Having #Netflix crash to the main menu of the #Amazon Fire TV  after every single episode is kinda annoying. Does it since yesterday. #Help"
"м α м α т";"Mamat_Bonobo";"Monde des rêves";"116";"518";"5";"10436";"9630";"False";"0";"0";"fr";"1506178166";"@MisterFlech Je n'en ais trouvé que 1 seul, c'était le premier de Crash Bandicoot. x)"
"A. L. Kimball";"ProfKimball";"Québec, Canada";"252";"128";"11";"1665";"1791";"False";"0";"0";"en";"1506178167";"@Christian_Pic The market is more complicated than u wld think...it cld prob be studied for research"
"John Elkin";"johnkelkin";"Cotswolds";"348";"488";"9";"11265";"4095";"{'place_type': 'city', 'full_name': 'Cheltenham, England', 'bounding_box': {'type': 'Polygon', 'coordinates': [[[-2.142873, 51.861864], [-2.142873, 51.930763], [-2.032676, 51.930763], [-2.032676, 51.861864]]]}, 'country': 'United Kingdom', 'url': 'https:\\/\\/api.twitter.com\\/1.1\\/geo\\/id\\/1bcb27fccfb2825f.json', 'country_code': 'GB', 'name': 'Cheltenham', 'attributes': {}, 'id': '1bcb27fccfb2825f'}";"0";"0";"en";"1506178167";"@angusjwells @CentralCXLeague Which means you're doing it right. Unless you've had a big crash, obvs."
"(((Eric D. Mertz)))";"EricMertz_KC";"Kansas City";"1509";"2234";"49";"8412";"25065";"False";"0";"0";"en";"1506178167";"However, even with the global demand for steel, there still wasn't enough of a market for the steel to match the output."
"jordan train";"Jordanielleable";"Fort Campbell North, KY";"665";"357";"0";"4675";"16220";"{'place_type': 'city', 'full_name': 'Fort Campbell North, KY', 'bounding_box': {'type': 'Polygon', 'coordinates': [[[-87.514325, 36.64013], [-87.514325, 36.689327], [-87.436613, 36.689327], [-87.436613, 36.64013]]]}, 'country': 'United States', 'url': 'https:\\/\\/api.twitter.com\\/1.1\\/geo\\/id\\/006cfe05510849b3.json', 'country_code': 'US', 'name': 'Fort Campbell North', 'attributes': {}, 'id': '006cfe05510849b3'}";"0";"0";"en";"1506178168";"i went to the farmers market this morning intent on getting veggies. came back with local honey sticks and a fried pie. oops."
"Fenster";"FensterDJ";"Dublin";"676";"561";"22";"1486";"36871";"False";"0";"0";"en";"1506178168";"I think the highlight of Twitter this week was when everyone laughed at the man who was hospitalised by a car crash"
"Cazey Williams";"CazeyW";"Richmond, VA";"526";"369";"42";"18021";"36989";"False";"0";"0";"en";"1506178171";"RT @_yeatez: get in loser we’re going to the farmers market and supporting local businesses"
